epoch,time,train/box_loss,train/cls_loss,train/dfl_loss,metrics/precision(B),metrics/recall(B),metrics/mAP50(B),metrics/mAP50-95(B),val/box_loss,val/cls_loss,val/dfl_loss,lr/pg0,lr/pg1,lr/pg2
1,45.0622,3.84001,4.29301,4.35864,0.00044,0.09176,0.00025,5e-05,4.22679,3.96863,4.15893,0.00028339,0.00028339,0.00028339
2,60.7298,3.25751,3.62261,4.01726,0.00064,0.11305,0.00038,9e-05,4.29301,3.83498,4.19482,0.000581525,0.000581525,0.000581525
3,77.9825,2.89438,3.25714,3.5934,0.00066,0.11277,0.00045,0.00011,4.49435,3.91213,4.35835,0.000877679,0.000877679,0.000877679
4,93.7768,2.73617,2.83291,3.29802,0.00069,0.11595,0.00047,0.00011,4.7678,4.00638,4.62876,0.00117185,0.00117185,0.00117185
5,107.435,2.67388,2.65398,3.15501,0.00045,0.05942,0.00024,7e-05,4.83765,4.05437,4.77903,0.00146405,0.00146405,0.00146405
6,121.64,2.54067,2.41026,2.99292,0.00055,0.05548,0.0003,8e-05,4.68198,4.02066,4.6084,0.00163949,0.00163949,0.00163949
7,136.517,2.45626,2.33366,2.88913,0.00137,0.22432,0.00188,0.00038,4.25336,3.7447,4.11497,0.00163399,0.00163399,0.00163399
8,149.924,2.3752,2.18433,2.79647,0.14366,0.22124,0.18148,0.06811,2.60398,2.97208,2.9634,0.00162849,0.00162849,0.00162849
9,163.145,2.28995,2.18125,2.69511,0.41764,0.52936,0.38648,0.14938,1.98682,2.31962,2.49732,0.00162299,0.00162299,0.00162299
10,176.483,2.16977,2.06296,2.60081,0.553,0.69231,0.70229,0.33489,1.77898,1.81735,2.3254,0.00161749,0.00161749,0.00161749
11,189.969,2.05361,1.94846,2.49336,0.68947,0.57837,0.66012,0.26796,2.00054,1.81407,2.49034,0.00161199,0.00161199,0.00161199
12,203.904,1.96671,1.79883,2.42786,0.75591,0.85265,0.91319,0.51851,1.48944,1.39404,2.06969,0.00160649,0.00160649,0.00160649
13,216.387,1.85306,1.6558,2.30792,0.55606,0.5213,0.58609,0.28154,1.94292,1.8578,2.49091,0.00160099,0.00160099,0.00160099
14,229.791,1.75577,1.58875,2.24111,0.90731,0.84776,0.94205,0.58689,1.28376,1.4227,1.95704,0.00159549,0.00159549,0.00159549
15,242.222,1.72693,1.50764,2.20158,0.90629,0.81973,0.92375,0.52828,1.637,1.32617,2.09198,0.00158998,0.00158998,0.00158998
16,255.055,1.67571,1.42973,2.12075,0.90749,0.90175,0.95885,0.63886,1.19248,0.94651,1.69954,0.00158448,0.00158448,0.00158448
17,268.288,1.52231,1.34647,2.00135,0.89654,0.91454,0.98132,0.64896,1.26811,1.00331,1.78516,0.00157898,0.00157898,0.00157898
18,281.182,1.47,1.28608,1.95368,0.94297,0.96038,0.984,0.67082,1.11627,0.84245,1.66193,0.00157348,0.00157348,0.00157348
19,294.324,1.40896,1.24859,1.8918,0.92422,0.93773,0.97298,0.72319,1.03882,1.01616,1.57837,0.00156798,0.00156798,0.00156798
20,307.777,1.42024,1.23029,1.89337,0.97109,0.9532,0.9892,0.70275,1.05001,0.85705,1.51362,0.00156248,0.00156248,0.00156248
21,321.128,1.38311,1.16263,1.83384,0.95625,0.9376,0.98123,0.73091,0.98579,0.83343,1.47596,0.00155698,0.00155698,0.00155698
22,334.309,1.25489,1.08945,1.73464,0.96384,0.93974,0.97839,0.72913,0.9398,0.79827,1.44803,0.00155148,0.00155148,0.00155148
23,346.986,1.2549,0.99924,1.7218,0.92985,0.93628,0.979,0.66627,1.1968,0.96875,1.73661,0.00154598,0.00154598,0.00154598
24,360.582,1.26607,1.03881,1.73509,0.96583,0.9452,0.98152,0.69589,1.04906,0.78413,1.49836,0.00154047,0.00154047,0.00154047
25,373.331,1.23289,1.00715,1.6994,0.96863,0.95093,0.98699,0.73299,0.99312,0.72699,1.4798,0.00153497,0.00153497,0.00153497
26,386.468,1.18498,0.96069,1.66502,0.98195,0.96144,0.99009,0.73762,0.96829,0.74166,1.42824,0.00152947,0.00152947,0.00152947
27,399.858,1.21518,0.93977,1.64924,0.95299,0.93948,0.982,0.73512,0.97611,0.85678,1.48675,0.00152397,0.00152397,0.00152397
28,412.882,1.15884,0.90278,1.60985,0.98042,0.97045,0.9891,0.64944,1.15109,0.93574,1.56695,0.00151847,0.00151847,0.00151847
29,425.642,1.15824,0.87997,1.58564,0.9731,0.97249,0.99148,0.78636,0.84848,0.67755,1.32131,0.00151297,0.00151297,0.00151297
30,439.748,1.13688,0.86534,1.59032,0.99478,0.99449,0.99002,0.80438,0.76493,0.5852,1.23938,0.00150747,0.00150747,0.00150747
31,455.103,1.08615,0.82686,1.5166,0.9956,0.99252,0.99086,0.80857,0.73706,0.58621,1.22281,0.00150197,0.00150197,0.00150197
32,469.328,1.06146,0.81014,1.50905,0.98795,0.99261,0.99183,0.76219,0.91775,0.59834,1.34684,0.00149647,0.00149647,0.00149647
33,484.51,1.05434,0.78971,1.49933,0.93641,0.91881,0.98393,0.75727,0.87982,0.75394,1.35905,0.00149096,0.00149096,0.00149096
34,499.498,1.02523,0.75869,1.46213,0.96929,0.97008,0.99182,0.79339,0.78963,0.64333,1.20639,0.00148546,0.00148546,0.00148546
35,513.804,1.05501,0.8137,1.47309,0.98723,0.99054,0.99088,0.80835,0.73704,0.51408,1.20838,0.00147996,0.00147996,0.00147996
36,528.113,1.00009,0.74499,1.4232,0.98999,0.99045,0.99078,0.78242,0.8304,0.58942,1.25097,0.00147446,0.00147446,0.00147446
37,541.542,0.99686,0.75834,1.43312,0.99045,0.99153,0.99156,0.82891,0.68668,0.49982,1.15288,0.00146896,0.00146896,0.00146896
38,554.469,0.96232,0.71163,1.39018,0.988,0.98962,0.99134,0.78813,0.82714,0.55755,1.29364,0.00146346,0.00146346,0.00146346
39,567.526,0.96695,0.69215,1.38814,0.99296,0.98913,0.99187,0.78272,0.79095,0.60354,1.21124,0.00145796,0.00145796,0.00145796
40,580.207,0.96247,0.71893,1.40033,0.99071,0.99308,0.99076,0.81291,0.71087,0.49728,1.16175,0.00145246,0.00145246,0.00145246
41,593.65,0.91536,0.67421,1.3546,0.98203,0.97053,0.98842,0.79361,0.82025,0.65729,1.25265,0.00144696,0.00144696,0.00144696
42,606.432,0.9794,0.69378,1.39498,0.99453,0.99308,0.99146,0.81974,0.7135,0.55046,1.18341,0.00144145,0.00144145,0.00144145
43,619.243,0.92641,0.66493,1.34964,0.99257,0.99363,0.99109,0.80564,0.72323,0.47522,1.15311,0.00143595,0.00143595,0.00143595
44,632.122,0.90531,0.69775,1.34223,0.99474,0.98962,0.99099,0.81953,0.70879,0.53558,1.16857,0.00143045,0.00143045,0.00143045
45,645.385,0.91111,0.66646,1.33453,0.99391,0.99308,0.99112,0.84166,0.65893,0.44201,1.11509,0.00142495,0.00142495,0.00142495
46,658.164,0.85961,0.62089,1.29169,0.99321,0.99215,0.98995,0.82551,0.68226,0.46211,1.15886,0.00141945,0.00141945,0.00141945
47,671.164,0.87475,0.63446,1.31047,0.99453,0.99572,0.993,0.80691,0.73201,0.46406,1.13951,0.00141395,0.00141395,0.00141395
48,684.608,0.85771,0.62971,1.30546,0.98767,0.99329,0.99091,0.85438,0.59931,0.46044,1.06476,0.00140845,0.00140845,0.00140845
49,697.415,0.86361,0.61715,1.31371,0.99036,0.99057,0.99173,0.82791,0.66935,0.46673,1.08512,0.00140295,0.00140295,0.00140295
50,710.69,0.85007,0.6057,1.29162,0.99072,0.99395,0.99293,0.8545,0.59673,0.45497,1.04575,0.00139745,0.00139745,0.00139745
51,723.158,0.87461,0.60432,1.28913,0.9913,0.99481,0.99221,0.8527,0.60416,0.45289,1.06043,0.00139195,0.00139195,0.00139195
52,736.982,0.82794,0.56585,1.25829,0.99269,0.99253,0.99179,0.85752,0.59852,0.42038,1.0567,0.00138644,0.00138644,0.00138644
53,750.574,0.85538,0.61404,1.29363,0.99505,0.99238,0.99066,0.82283,0.68055,0.47747,1.09107,0.00138094,0.00138094,0.00138094
54,764.592,0.84528,0.59902,1.28488,0.99337,0.99481,0.99104,0.84732,0.62692,0.39806,1.05414,0.00137544,0.00137544,0.00137544
55,779.295,0.87831,0.59326,1.29084,0.99364,0.99285,0.99212,0.79153,0.75259,0.43246,1.11796,0.00136994,0.00136994,0.00136994
56,792.415,0.85504,0.59734,1.27818,0.99351,0.99528,0.99219,0.84603,0.64794,0.41915,1.10596,0.00136444,0.00136444,0.00136444
57,805.172,0.81468,0.58332,1.2562,0.99489,0.99524,0.99215,0.86766,0.57605,0.37438,1.03663,0.00135894,0.00135894,0.00135894
58,817.855,0.80593,0.55366,1.23858,0.99461,0.99481,0.99288,0.85249,0.6072,0.38909,1.04125,0.00135344,0.00135344,0.00135344
59,830.61,0.7753,0.55548,1.21944,0.99458,0.99652,0.99269,0.84875,0.60864,0.38318,1.0351,0.00134794,0.00134794,0.00134794
60,843.385,0.77834,0.53604,1.20572,0.99425,0.99654,0.99132,0.85627,0.58569,0.37382,1.02967,0.00134244,0.00134244,0.00134244
61,856.699,0.7965,0.54111,1.20556,0.99396,0.98904,0.99296,0.85862,0.58468,0.40835,1.03749,0.00133693,0.00133693,0.00133693
62,869.461,0.84564,0.57753,1.27887,0.99401,0.99622,0.99136,0.83555,0.64456,0.38414,1.04817,0.00133143,0.00133143,0.00133143
63,882.253,0.81239,0.53319,1.23357,0.99313,0.99654,0.99079,0.86971,0.54676,0.37966,0.99603,0.00132593,0.00132593,0.00132593
64,895.319,0.73623,0.51449,1.18724,0.9944,0.99481,0.99188,0.86295,0.58852,0.40398,1.03496,0.00132043,0.00132043,0.00132043
65,908.318,0.73951,0.50332,1.18038,0.99062,0.99481,0.99221,0.8494,0.62441,0.38819,1.0429,0.00131493,0.00131493,0.00131493
66,921.864,0.77681,0.54342,1.19877,0.99369,0.99341,0.9941,0.86573,0.55473,0.39701,1.02041,0.00130943,0.00130943,0.00130943
67,933.828,0.78743,0.5524,1.22019,0.99382,0.98943,0.99141,0.87299,0.53623,0.36831,1.00535,0.00130393,0.00130393,0.00130393
68,946.942,0.73725,0.50769,1.19258,0.99469,0.99654,0.99384,0.87448,0.56093,0.34557,1.02257,0.00129843,0.00129843,0.00129843
69,959.52,0.73754,0.51412,1.19631,0.99471,0.99654,0.99325,0.87333,0.57359,0.36106,1.03952,0.00129293,0.00129293,0.00129293
70,972.286,0.73292,0.50505,1.17481,0.99499,0.9964,0.99303,0.88206,0.50778,0.34365,0.982,0.00128742,0.00128742,0.00128742
71,984.925,0.72839,0.4906,1.15995,0.99349,0.99654,0.99338,0.87834,0.52897,0.36012,0.99388,0.00128192,0.00128192,0.00128192
72,997.866,0.77455,0.51068,1.21925,0.99453,0.99654,0.993,0.88899,0.4892,0.34412,0.95714,0.00127642,0.00127642,0.00127642
73,1011.12,0.73275,0.49307,1.18166,0.99477,0.99654,0.99162,0.88231,0.51523,0.3493,0.97934,0.00127092,0.00127092,0.00127092
74,1023.61,0.70017,0.47014,1.15505,0.9932,0.99654,0.99202,0.8914,0.48665,0.33054,0.96207,0.00126542,0.00126542,0.00126542
75,1036.37,0.72894,0.4879,1.1733,0.99516,0.99481,0.994,0.88551,0.50439,0.34955,0.98302,0.00125992,0.00125992,0.00125992
76,1049.3,0.73326,0.49073,1.17928,0.99481,0.99597,0.99487,0.88024,0.53103,0.34947,0.98387,0.00125442,0.00125442,0.00125442
77,1062.08,0.73364,0.47997,1.15144,0.99349,0.99654,0.99276,0.88028,0.5151,0.35893,0.96855,0.00124892,0.00124892,0.00124892
78,1074.9,0.71004,0.46715,1.15515,0.99377,0.99654,0.99263,0.85594,0.60194,0.3612,1.0177,0.00124342,0.00124342,0.00124342
79,1088.19,0.71379,0.46818,1.17316,0.9889,0.99442,0.99367,0.87607,0.56002,0.32937,0.99035,0.00123791,0.00123791,0.00123791
80,1101.95,0.68413,0.45449,1.14578,0.99507,0.99481,0.99213,0.888,0.50629,0.3322,0.96207,0.00123241,0.00123241,0.00123241
81,1115.5,0.69599,0.44237,1.14622,0.99471,0.99481,0.99242,0.87634,0.55925,0.3337,0.99544,0.00122691,0.00122691,0.00122691
82,1128.26,0.6886,0.46657,1.14323,0.99501,0.99632,0.99432,0.88989,0.49882,0.3359,0.96222,0.00122141,0.00122141,0.00122141
83,1141.08,0.70111,0.46432,1.13068,0.99449,0.99654,0.99241,0.87649,0.51305,0.32515,0.9725,0.00121591,0.00121591,0.00121591
84,1154.62,0.69261,0.46117,1.14544,0.99379,0.99481,0.99266,0.86791,0.56001,0.34437,1.02664,0.00121041,0.00121041,0.00121041
85,1167.67,0.70042,0.46447,1.16646,0.99469,0.99654,0.99351,0.8889,0.49204,0.3246,0.95916,0.00120491,0.00120491,0.00120491
86,1180.26,0.68771,0.45845,1.14641,0.99387,0.99511,0.99428,0.87885,0.51582,0.3247,0.97798,0.00119941,0.00119941,0.00119941
87,1192.92,0.70304,0.46489,1.1563,0.99358,0.99377,0.9943,0.87153,0.568,0.34696,1.01316,0.00119391,0.00119391,0.00119391
88,1205.86,0.71041,0.46684,1.15776,0.99364,0.99625,0.99332,0.89601,0.47248,0.30557,0.95002,0.0011884,0.0011884,0.0011884
89,1220.39,0.69086,0.45591,1.15702,0.99513,0.99654,0.99342,0.89525,0.48404,0.3061,0.95568,0.0011829,0.0011829,0.0011829
90,1234.72,0.64996,0.44555,1.13772,0.99454,0.99654,0.99458,0.88171,0.51906,0.3232,0.98162,0.0011774,0.0011774,0.0011774
91,1248.18,0.67427,0.4402,1.12972,0.99482,0.99654,0.99397,0.88817,0.50271,0.3245,0.97772,0.0011719,0.0011719,0.0011719
92,1260.79,0.66481,0.44121,1.13095,0.99184,0.99654,0.99106,0.8963,0.45304,0.31691,0.93388,0.0011664,0.0011664,0.0011664
93,1274.05,0.65348,0.43567,1.11897,0.99396,0.99654,0.99232,0.89869,0.45569,0.31306,0.92993,0.0011609,0.0011609,0.0011609
94,1286.64,0.66912,0.44381,1.12026,0.99519,0.99654,0.99327,0.89048,0.48387,0.31382,0.96186,0.0011554,0.0011554,0.0011554
95,1299.4,0.67635,0.45741,1.12815,0.9956,0.99479,0.99462,0.89337,0.48674,0.30898,0.9474,0.0011499,0.0011499,0.0011499
96,1311.77,0.68097,0.44452,1.15033,0.98908,0.99556,0.99371,0.88415,0.49535,0.33364,0.94883,0.0011444,0.0011444,0.0011444
97,1325.05,0.64594,0.42711,1.11286,0.99287,0.99618,0.99318,0.8906,0.49085,0.30109,0.95076,0.00113889,0.00113889,0.00113889
98,1338.29,0.67606,0.44566,1.13183,0.99501,0.99654,0.99308,0.90758,0.45385,0.2967,0.93263,0.00113339,0.00113339,0.00113339
99,1350.56,0.6472,0.42335,1.12077,0.99426,0.99654,0.9937,0.89651,0.47476,0.29706,0.9494,0.00112789,0.00112789,0.00112789
100,1363.6,0.64901,0.4347,1.11684,0.99516,0.99654,0.99398,0.89554,0.46196,0.29336,0.94328,0.00112239,0.00112239,0.00112239
101,1376.01,0.65545,0.42279,1.12181,0.99497,0.99654,0.99156,0.89648,0.47156,0.29749,0.94117,0.00111689,0.00111689,0.00111689
102,1388.86,0.64888,0.41526,1.10906,0.99447,0.99654,0.9907,0.88634,0.48343,0.29125,0.93515,0.00111139,0.00111139,0.00111139
103,1401.93,0.67247,0.43966,1.13015,0.99454,0.99654,0.99083,0.88824,0.49656,0.28771,0.95617,0.00110589,0.00110589,0.00110589
104,1414.31,0.66298,0.43612,1.1352,0.99513,0.99654,0.99317,0.8963,0.47433,0.28979,0.94152,0.00110039,0.00110039,0.00110039
105,1427.1,0.63949,0.42798,1.10007,0.9949,0.99622,0.99214,0.88282,0.48408,0.29316,0.94538,0.00109489,0.00109489,0.00109489
106,1439.76,0.63688,0.42429,1.09559,0.99237,0.99638,0.99275,0.89118,0.46304,0.30281,0.9302,0.00108938,0.00108938,0.00108938
107,1452.7,0.65411,0.4203,1.11533,0.99402,0.99654,0.99384,0.89478,0.46368,0.3039,0.93482,0.00108388,0.00108388,0.00108388
108,1465.77,0.62144,0.40539,1.0872,0.99512,0.99654,0.99261,0.90821,0.44051,0.2792,0.91955,0.00107838,0.00107838,0.00107838
109,1478.98,0.64395,0.41642,1.09721,0.9939,0.99481,0.99391,0.89788,0.46009,0.2856,0.93461,0.00107288,0.00107288,0.00107288
110,1491.53,0.61136,0.40237,1.09874,0.99481,0.99654,0.99261,0.90536,0.43265,0.28261,0.91562,0.00106738,0.00106738,0.00106738
111,1504.77,0.64143,0.43005,1.11549,0.99472,0.99654,0.99318,0.9107,0.45515,0.29733,0.92548,0.00106188,0.00106188,0.00106188
112,1518.74,0.60024,0.40382,1.07326,0.99449,0.99654,0.99301,0.9011,0.44585,0.29671,0.93257,0.00105638,0.00105638,0.00105638
113,1532.04,0.61129,0.41927,1.07691,0.9945,0.99654,0.99463,0.88902,0.49489,0.30645,0.95386,0.00105088,0.00105088,0.00105088
114,1544.52,0.61964,0.42831,1.09272,0.99518,0.9964,0.99446,0.90771,0.45296,0.28732,0.92938,0.00104538,0.00104538,0.00104538
115,1557.94,0.59673,0.4058,1.09063,0.9949,0.99649,0.99312,0.87816,0.50182,0.30046,0.94888,0.00103987,0.00103987,0.00103987
116,1570.25,0.63445,0.42445,1.11544,0.99496,0.99481,0.99312,0.90418,0.45458,0.29059,0.92641,0.00103437,0.00103437,0.00103437
117,1583.17,0.59359,0.39695,1.09361,0.99315,0.99654,0.99064,0.91208,0.42913,0.27992,0.91491,0.00102887,0.00102887,0.00102887
118,1595.69,0.62845,0.40345,1.10152,0.99491,0.99639,0.99215,0.91227,0.43467,0.27147,0.91627,0.00102337,0.00102337,0.00102337
119,1609.01,0.625,0.4042,1.09095,0.99473,0.99622,0.99296,0.90564,0.44721,0.28587,0.92516,0.00101787,0.00101787,0.00101787
120,1621.98,0.61925,0.40296,1.08134,0.99473,0.99578,0.99487,0.91383,0.43261,0.2889,0.9191,0.00101237,0.00101237,0.00101237
121,1635.04,0.58984,0.38832,1.07117,0.99418,0.99625,0.99417,0.90227,0.45849,0.27649,0.9247,0.00100687,0.00100687,0.00100687
122,1648.11,0.61025,0.39344,1.0901,0.99517,0.99654,0.99263,0.90215,0.45283,0.27906,0.92357,0.00100137,0.00100137,0.00100137
123,1661.36,0.60738,0.39047,1.07526,0.99515,0.99654,0.99128,0.90766,0.43863,0.28019,0.91539,0.000995866,0.000995866,0.000995866
124,1674.56,0.60575,0.39738,1.07707,0.99474,0.99605,0.99281,0.91094,0.45221,0.2939,0.92092,0.000990365,0.000990365,0.000990365
125,1688.12,0.60223,0.39241,1.0628,0.99488,0.99649,0.99288,0.91177,0.42439,0.27005,0.91184,0.000984864,0.000984864,0.000984864
126,1700.8,0.6343,0.41533,1.11775,0.99486,0.99654,0.99334,0.9022,0.44584,0.28486,0.91665,0.000979362,0.000979362,0.000979362
127,1713.2,0.61171,0.3956,1.09978,0.9938,0.9963,0.99392,0.90876,0.43589,0.27764,0.9174,0.000973861,0.000973861,0.000973861
128,1726.08,0.59338,0.38103,1.08637,0.99479,0.9959,0.99364,0.91012,0.4238,0.26492,0.91227,0.00096836,0.00096836,0.00096836
129,1738.61,0.58792,0.37646,1.07013,0.9953,0.99654,0.99232,0.90803,0.43285,0.26833,0.91898,0.000962859,0.000962859,0.000962859
130,1751.9,0.60864,0.38975,1.08427,0.9953,0.99633,0.99178,0.91731,0.40808,0.25593,0.90122,0.000957358,0.000957358,0.000957358
131,1764.89,0.59464,0.38315,1.05966,0.99467,0.99654,0.99083,0.88939,0.49071,0.27337,0.9406,0.000951857,0.000951857,0.000951857
132,1778.11,0.61654,0.39977,1.07859,0.99432,0.99654,0.99313,0.91323,0.42684,0.27581,0.90829,0.000946356,0.000946356,0.000946356
133,1790.44,0.60211,0.38638,1.07391,0.99507,0.99654,0.9915,0.9048,0.44006,0.26562,0.9229,0.000940855,0.000940855,0.000940855
134,1803.37,0.60254,0.381,1.07412,0.9946,0.99604,0.99277,0.90365,0.46475,0.26962,0.94384,0.000935354,0.000935354,0.000935354
135,1816.27,0.6148,0.39322,1.0775,0.99547,0.99622,0.99322,0.89656,0.47093,0.27982,0.92606,0.000929853,0.000929853,0.000929853
136,1829.59,0.62769,0.39812,1.09754,0.9952,0.99635,0.99431,0.91221,0.42936,0.26758,0.90884,0.000924352,0.000924352,0.000924352
137,1842.71,0.60876,0.39773,1.07688,0.99516,0.99654,0.99259,0.89766,0.4952,0.28964,0.94214,0.00091885,0.00091885,0.00091885
138,1855.29,0.61601,0.39647,1.08772,0.99537,0.99654,0.9923,0.89272,0.48467,0.28157,0.93883,0.000913349,0.000913349,0.000913349
139,1868.33,0.6196,0.39272,1.08505,0.99532,0.99613,0.9927,0.91022,0.42947,0.26849,0.91348,0.000907848,0.000907848,0.000907848
140,1881.08,0.59596,0.37072,1.06338,0.99517,0.99617,0.99296,0.91668,0.42592,0.27157,0.90701,0.000902347,0.000902347,0.000902347
141,1894.37,0.57015,0.37696,1.06705,0.99503,0.99633,0.99114,0.91329,0.41297,0.25974,0.90326,0.000896846,0.000896846,0.000896846
142,1907.86,0.55827,0.37471,1.0385,0.99526,0.99631,0.99092,0.91658,0.4231,0.25422,0.91535,0.000891345,0.000891345,0.000891345
143,1920.13,0.60902,0.38567,1.0909,0.99535,0.99616,0.99167,0.9101,0.43359,0.25706,0.90534,0.000885844,0.000885844,0.000885844
144,1933.28,0.55054,0.37631,1.05343,0.99489,0.99654,0.99334,0.91383,0.42351,0.25983,0.90063,0.000880343,0.000880343,0.000880343
145,1946.1,0.59162,0.37142,1.06563,0.9939,0.9963,0.99412,0.90594,0.43757,0.25897,0.90735,0.000874842,0.000874842,0.000874842
146,1958.69,0.56806,0.37686,1.06646,0.99493,0.99654,0.99377,0.90747,0.44141,0.26292,0.91269,0.00086934,0.00086934,0.00086934
147,1972.21,0.59237,0.37602,1.07543,0.99494,0.99654,0.99388,0.91512,0.40779,0.25408,0.89818,0.000863839,0.000863839,0.000863839
148,1984.75,0.58782,0.37571,1.07569,0.99518,0.99652,0.9907,0.91519,0.42513,0.2634,0.90909,0.000858338,0.000858338,0.000858338
149,1997.57,0.57848,0.36539,1.0612,0.99504,0.99641,0.99326,0.91787,0.41265,0.25772,0.90477,0.000852837,0.000852837,0.000852837
150,2010.73,0.58199,0.37987,1.06593,0.99532,0.99654,0.99382,0.9178,0.41014,0.25144,0.90185,0.000847336,0.000847336,0.000847336
151,2023.54,0.56289,0.3775,1.0431,0.99526,0.99654,0.99372,0.91393,0.42644,0.25373,0.90485,0.000841835,0.000841835,0.000841835
152,2036,0.62231,0.36978,1.08449,0.99503,0.99654,0.99434,0.91149,0.4405,0.26708,0.91438,0.000836334,0.000836334,0.000836334
153,2048.97,0.58716,0.38319,1.05528,0.99505,0.99654,0.9944,0.91784,0.41726,0.25699,0.90303,0.000830833,0.000830833,0.000830833
154,2062.98,0.56609,0.35904,1.05049,0.99494,0.99654,0.99316,0.91296,0.41505,0.25801,0.90065,0.000825332,0.000825332,0.000825332
155,2075.49,0.57317,0.37011,1.06585,0.99514,0.99634,0.994,0.90482,0.44373,0.25164,0.91348,0.000819831,0.000819831,0.000819831
156,2088.4,0.55736,0.3601,1.06257,0.99517,0.99635,0.99311,0.92203,0.40387,0.24465,0.89794,0.000814329,0.000814329,0.000814329
157,2100.97,0.56427,0.35645,1.04379,0.99479,0.99631,0.99403,0.91843,0.39869,0.25154,0.89296,0.000808828,0.000808828,0.000808828
158,2114.43,0.57023,0.36366,1.07275,0.99521,0.99641,0.9937,0.92173,0.39745,0.2538,0.89326,0.000803327,0.000803327,0.000803327
159,2127.17,0.5721,0.36691,1.0507,0.99508,0.99654,0.99352,0.91539,0.42584,0.25547,0.91136,0.000797826,0.000797826,0.000797826
160,2139.78,0.5871,0.38019,1.0825,0.99429,0.99654,0.99411,0.92017,0.39096,0.25273,0.8869,0.000792325,0.000792325,0.000792325
161,2152.88,0.57002,0.36347,1.05065,0.99502,0.99653,0.99393,0.91832,0.42491,0.25351,0.90571,0.000786824,0.000786824,0.000786824
162,2165.65,0.58511,0.37475,1.07995,0.9952,0.99633,0.99464,0.92162,0.407,0.2441,0.89953,0.000781323,0.000781323,0.000781323
163,2178.18,0.58328,0.36503,1.06567,0.99499,0.99614,0.99387,0.92508,0.40468,0.2413,0.89931,0.000775822,0.000775822,0.000775822
164,2191.1,0.5588,0.35151,1.04594,0.99508,0.99625,0.99284,0.91388,0.40606,0.24029,0.8951,0.000770321,0.000770321,0.000770321
165,2204.77,0.55325,0.37103,1.04072,0.99498,0.99654,0.99283,0.91812,0.40349,0.24411,0.89307,0.00076482,0.00076482,0.00076482
166,2217.63,0.57746,0.37184,1.05973,0.99534,0.99616,0.99329,0.92509,0.39964,0.248,0.89113,0.000759318,0.000759318,0.000759318
167,2230.89,0.56709,0.36035,1.04345,0.99519,0.99615,0.99317,0.92139,0.41859,0.26148,0.90097,0.000753817,0.000753817,0.000753817
168,2243.76,0.56533,0.35284,1.0492,0.99504,0.99654,0.99349,0.92553,0.40954,0.25724,0.90093,0.000748316,0.000748316,0.000748316
169,2256.81,0.54357,0.3386,1.03092,0.99511,0.99642,0.99397,0.92703,0.39221,0.24421,0.89051,0.000742815,0.000742815,0.000742815
170,2269.99,0.53973,0.33977,1.05489,0.9952,0.99654,0.99447,0.91747,0.4083,0.24893,0.89574,0.000737314,0.000737314,0.000737314
171,2282.8,0.54819,0.35902,1.0382,0.99501,0.9963,0.99451,0.92586,0.39325,0.23554,0.88736,0.000731813,0.000731813,0.000731813
172,2295.88,0.57144,0.35754,1.06474,0.99488,0.99634,0.9935,0.92344,0.39223,0.24147,0.88765,0.000726312,0.000726312,0.000726312
173,2309.07,0.5445,0.34921,1.04441,0.99516,0.99644,0.99288,0.9174,0.39694,0.24132,0.88575,0.000720811,0.000720811,0.000720811
174,2321.46,0.55414,0.3611,1.061,0.99506,0.99638,0.99325,0.9311,0.37937,0.22793,0.88111,0.00071531,0.00071531,0.00071531
175,2334.96,0.55512,0.35463,1.04578,0.99497,0.99645,0.99166,0.92445,0.38633,0.24133,0.88444,0.000709809,0.000709809,0.000709809
176,2347.76,0.5623,0.35941,1.05584,0.99493,0.99481,0.99176,0.91959,0.40031,0.25181,0.88937,0.000704307,0.000704307,0.000704307
177,2360.78,0.57338,0.36283,1.05645,0.99509,0.99626,0.99204,0.91702,0.41567,0.25311,0.89277,0.000698806,0.000698806,0.000698806
178,2373.77,0.55553,0.34813,1.04763,0.99532,0.99612,0.99379,0.91667,0.40248,0.24428,0.89922,0.000693305,0.000693305,0.000693305
179,2386.99,0.54465,0.35164,1.04913,0.99517,0.99654,0.99362,0.93424,0.37446,0.23471,0.88279,0.000687804,0.000687804,0.000687804
180,2400.01,0.53857,0.3392,1.03627,0.99511,0.99654,0.99227,0.90779,0.42799,0.24945,0.90204,0.000682303,0.000682303,0.000682303
181,2412.72,0.53184,0.33501,1.02144,0.99503,0.99647,0.99101,0.92525,0.38808,0.24455,0.88791,0.000676802,0.000676802,0.000676802
182,2425.63,0.52921,0.33486,1.01751,0.99508,0.99652,0.9911,0.92844,0.37341,0.22707,0.87919,0.000671301,0.000671301,0.000671301
183,2438.55,0.55415,0.33791,1.05125,0.99522,0.99654,0.99075,0.92756,0.39025,0.23699,0.88773,0.0006658,0.0006658,0.0006658
184,2451.06,0.54498,0.3381,1.05704,0.99517,0.99654,0.99104,0.9251,0.39047,0.23421,0.8868,0.000660299,0.000660299,0.000660299
185,2464.8,0.5509,0.34126,1.03699,0.99522,0.99652,0.99118,0.92483,0.39266,0.24412,0.8927,0.000654798,0.000654798,0.000654798
186,2477.16,0.55174,0.34099,1.05245,0.99535,0.99644,0.99132,0.91896,0.3969,0.23663,0.88756,0.000649297,0.000649297,0.000649297
187,2489.83,0.55222,0.34543,1.03679,0.99539,0.99632,0.99193,0.92593,0.39081,0.23404,0.8902,0.000643795,0.000643795,0.000643795
188,2503.34,0.52943,0.34081,1.02754,0.99521,0.99629,0.99211,0.93275,0.3715,0.22711,0.87516,0.000638294,0.000638294,0.000638294
189,2515.87,0.53547,0.34402,1.04113,0.99505,0.99633,0.99375,0.92363,0.38866,0.22825,0.87953,0.000632793,0.000632793,0.000632793
190,2529.19,0.5243,0.33411,1.03482,0.99528,0.99635,0.99417,0.92629,0.37226,0.22457,0.87368,0.000627292,0.000627292,0.000627292
191,2542.3,0.51313,0.32452,1.02153,0.99512,0.99627,0.9941,0.92649,0.3803,0.22873,0.88,0.000621791,0.000621791,0.000621791
192,2555.37,0.50694,0.31888,1.00778,0.99524,0.99619,0.99398,0.9324,0.37194,0.22908,0.873,0.00061629,0.00061629,0.00061629
193,2568.43,0.52659,0.32182,1.04649,0.99513,0.99627,0.99281,0.92375,0.39923,0.22977,0.8826,0.000610789,0.000610789,0.000610789
194,2580.99,0.52121,0.32943,1.0203,0.99492,0.9965,0.99335,0.93441,0.37286,0.2201,0.8791,0.000605288,0.000605288,0.000605288
195,2593.57,0.5427,0.33124,1.05274,0.995,0.99633,0.9924,0.92806,0.38536,0.23397,0.87903,0.000599787,0.000599787,0.000599787
196,2606.88,0.49316,0.32017,1.01351,0.99492,0.99654,0.99297,0.93042,0.37322,0.23048,0.878,0.000594286,0.000594286,0.000594286
197,2619.97,0.52684,0.3271,1.03855,0.99505,0.99587,0.99222,0.93287,0.38086,0.23527,0.88154,0.000588784,0.000588784,0.000588784
198,2632.66,0.51009,0.32612,1.02892,0.9951,0.99654,0.99358,0.92795,0.37965,0.2287,0.87751,0.000583283,0.000583283,0.000583283
199,2645.77,0.52961,0.33347,1.02446,0.99527,0.9965,0.99424,0.92191,0.38606,0.2209,0.87997,0.000577782,0.000577782,0.000577782
200,2658.71,0.52238,0.32852,1.03781,0.99506,0.99654,0.99149,0.93154,0.36485,0.21901,0.87265,0.000572281,0.000572281,0.000572281
201,2671.43,0.54466,0.34064,1.04244,0.99511,0.99654,0.99167,0.92672,0.37264,0.22006,0.87469,0.00056678,0.00056678,0.00056678
202,2683.93,0.53319,0.32908,1.05047,0.99506,0.99654,0.99197,0.92925,0.37497,0.22036,0.87381,0.000561279,0.000561279,0.000561279
203,2697.23,0.50437,0.32257,1.017,0.99505,0.99654,0.99118,0.92953,0.37715,0.22139,0.87704,0.000555778,0.000555778,0.000555778
204,2709.71,0.52352,0.32691,1.02883,0.99517,0.99654,0.99123,0.93245,0.376,0.23143,0.87549,0.000550277,0.000550277,0.000550277
205,2722.88,0.51923,0.33945,1.01352,0.99518,0.99637,0.99162,0.93736,0.36098,0.22215,0.86894,0.000544776,0.000544776,0.000544776
206,2735.99,0.51269,0.32704,1.02139,0.99533,0.9964,0.99491,0.93619,0.37763,0.22418,0.87556,0.000539275,0.000539275,0.000539275
207,2749.04,0.50403,0.3188,1.01218,0.99451,0.996,0.99493,0.93695,0.37156,0.23614,0.87621,0.000533773,0.000533773,0.000533773
208,2762.04,0.51761,0.32884,1.0335,0.99501,0.99654,0.99268,0.93241,0.37428,0.22002,0.87902,0.000528272,0.000528272,0.000528272
209,2774.49,0.53824,0.34345,1.03937,0.99505,0.99654,0.99307,0.93139,0.37697,0.22666,0.87604,0.000522771,0.000522771,0.000522771
210,2787.52,0.52523,0.32888,1.02111,0.99505,0.99654,0.99167,0.92233,0.3905,0.22408,0.88287,0.00051727,0.00051727,0.00051727
211,2800.32,0.50893,0.32325,1.02473,0.99519,0.99621,0.9922,0.93686,0.36929,0.21057,0.87334,0.000511769,0.000511769,0.000511769
212,2813.76,0.525,0.33348,1.02526,0.99519,0.99654,0.99454,0.93667,0.36846,0.20838,0.87086,0.000506268,0.000506268,0.000506268
213,2826.75,0.52273,0.32059,1.03531,0.99531,0.99654,0.9942,0.93666,0.37437,0.21919,0.87398,0.000500767,0.000500767,0.000500767
214,2839.27,0.54603,0.3298,1.04326,0.9953,0.99654,0.99414,0.93718,0.36523,0.21636,0.87182,0.000495266,0.000495266,0.000495266
215,2852.38,0.51013,0.30887,1.01588,0.9952,0.99654,0.99419,0.93632,0.36468,0.21678,0.8713,0.000489765,0.000489765,0.000489765
216,2865.14,0.49521,0.29685,1.00902,0.99508,0.99654,0.99441,0.93516,0.36761,0.22219,0.87389,0.000484263,0.000484263,0.000484263
217,2877.85,0.49991,0.30918,1.00319,0.99267,1,0.99491,0.93835,0.36354,0.21867,0.87272,0.000478762,0.000478762,0.000478762
218,2890.46,0.49299,0.31201,0.9921,0.99541,0.99654,0.99469,0.92502,0.38564,0.21965,0.87889,0.000473261,0.000473261,0.000473261
219,2903.67,0.53233,0.32698,1.02369,0.99338,0.99826,0.99473,0.9386,0.36235,0.22362,0.87083,0.00046776,0.00046776,0.00046776
220,2916.04,0.49035,0.32092,0.99456,0.99524,0.99632,0.99468,0.94379,0.3549,0.21205,0.87134,0.000462259,0.000462259,0.000462259
221,2928.66,0.51048,0.32332,1.03139,0.99511,0.99654,0.99294,0.93347,0.3814,0.21572,0.87946,0.000456758,0.000456758,0.000456758
222,2941.7,0.52431,0.31376,1.03318,0.99494,0.99649,0.99326,0.93864,0.36963,0.21621,0.87252,0.000451257,0.000451257,0.000451257
223,2954.74,0.50815,0.30957,1.0128,0.99509,0.9965,0.99432,0.93702,0.36376,0.21095,0.87076,0.000445756,0.000445756,0.000445756
224,2967.26,0.49721,0.3217,1.00374,0.99517,0.99654,0.99427,0.93592,0.36135,0.2133,0.86972,0.000440255,0.000440255,0.000440255
225,2980.59,0.49133,0.30422,0.99106,0.99522,0.99654,0.99364,0.93172,0.3601,0.21087,0.87005,0.000434754,0.000434754,0.000434754
226,2993.95,0.50549,0.31328,1.01582,0.9951,0.99651,0.99319,0.93901,0.35741,0.21241,0.86898,0.000429253,0.000429253,0.000429253
227,3006.9,0.49825,0.31221,1.00838,0.99515,0.99654,0.99374,0.93917,0.3525,0.21143,0.86761,0.000423751,0.000423751,0.000423751
228,3019.79,0.49639,0.31034,1.01665,0.99516,0.99654,0.99341,0.94054,0.35446,0.20727,0.86986,0.00041825,0.00041825,0.00041825
229,3032.33,0.51445,0.31568,1.02442,0.99496,0.9965,0.99399,0.94126,0.36353,0.21338,0.87358,0.000412749,0.000412749,0.000412749
230,3045.87,0.51078,0.30545,1.01556,0.99484,0.99651,0.99317,0.93513,0.36435,0.22092,0.87206,0.000407248,0.000407248,0.000407248
231,3058.51,0.51323,0.31997,1.01964,0.99502,0.99654,0.993,0.94275,0.35058,0.20645,0.8636,0.000401747,0.000401747,0.000401747
232,3071.7,0.5035,0.31495,1.01528,0.99521,0.99654,0.99291,0.93754,0.36712,0.21241,0.87273,0.000396246,0.000396246,0.000396246
233,3085.63,0.49652,0.30555,1.00906,0.99519,0.99654,0.99298,0.94266,0.35376,0.20665,0.86682,0.000390745,0.000390745,0.000390745
234,3098.24,0.49807,0.31107,1.01472,0.99522,0.99652,0.99446,0.94079,0.36065,0.20827,0.86831,0.000385244,0.000385244,0.000385244
235,3110.88,0.48993,0.3095,0.9991,0.99523,0.99649,0.99446,0.93456,0.3676,0.22064,0.87074,0.000379743,0.000379743,0.000379743
236,3123.8,0.48964,0.29773,1.00498,0.99523,0.99647,0.99342,0.93946,0.3496,0.21061,0.86237,0.000374242,0.000374242,0.000374242
237,3136.32,0.49314,0.30078,1.00492,0.99524,0.99654,0.9928,0.93837,0.35103,0.20717,0.86423,0.00036874,0.00036874,0.00036874
238,3149.34,0.48092,0.3043,1.0018,0.99525,0.99654,0.99338,0.93735,0.35616,0.2077,0.86686,0.000363239,0.000363239,0.000363239
239,3161.4,0.5031,0.31657,1.01115,0.9953,0.99654,0.99457,0.93869,0.35852,0.21111,0.8674,0.000357738,0.000357738,0.000357738
240,3174.64,0.4962,0.3125,1.01638,0.99529,0.99654,0.99473,0.93653,0.35867,0.2084,0.87024,0.000352237,0.000352237,0.000352237
241,3187.37,0.49274,0.3082,1.00545,0.99524,0.99654,0.99491,0.94005,0.34601,0.20177,0.86415,0.000346736,0.000346736,0.000346736
242,3200.06,0.49467,0.30392,1.0009,0.99514,0.99654,0.99487,0.94265,0.34737,0.19887,0.86279,0.000341235,0.000341235,0.000341235
243,3212.78,0.49226,0.3004,1.01458,0.99508,0.99654,0.99436,0.93454,0.35996,0.20726,0.86589,0.000335734,0.000335734,0.000335734
244,3225.84,0.48705,0.30021,1.00572,0.99511,0.99654,0.99362,0.93959,0.35009,0.20485,0.86408,0.000330233,0.000330233,0.000330233
245,3238.42,0.4909,0.30334,1.00972,0.99515,0.99654,0.99287,0.94308,0.34917,0.20489,0.86477,0.000324732,0.000324732,0.000324732
246,3250.97,0.47424,0.29693,0.99624,0.99509,0.99654,0.99462,0.93885,0.3438,0.20252,0.86199,0.000319231,0.000319231,0.000319231
247,3263.79,0.483,0.30616,1.00689,0.99516,0.99647,0.99493,0.94251,0.3449,0.19806,0.86168,0.000313729,0.000313729,0.000313729
248,3276.57,0.49039,0.3008,1.00275,0.99525,0.99639,0.99498,0.94582,0.33609,0.19794,0.85734,0.000308228,0.000308228,0.000308228
249,3289.13,0.47047,0.29063,0.98356,0.99522,0.99647,0.9944,0.9427,0.33921,0.19834,0.85982,0.000302727,0.000302727,0.000302727
250,3301.97,0.4814,0.29141,1.0011,0.99506,0.99654,0.99443,0.94517,0.33434,0.19497,0.85888,0.000297226,0.000297226,0.000297226
251,3314.99,0.47875,0.29319,0.99354,0.99506,0.99654,0.99422,0.94657,0.34261,0.19843,0.86152,0.000291725,0.000291725,0.000291725
252,3328.43,0.474,0.29783,0.99425,0.99516,0.99654,0.99465,0.93505,0.36115,0.20055,0.87024,0.000286224,0.000286224,0.000286224
253,3341.11,0.49353,0.29966,1.01429,0.99524,0.99652,0.9944,0.94876,0.33503,0.19842,0.85554,0.000280723,0.000280723,0.000280723
254,3354.29,0.49375,0.30753,1.0226,0.99512,0.99654,0.99431,0.94192,0.34453,0.19827,0.85918,0.000275222,0.000275222,0.000275222
255,3366.86,0.48118,0.2951,0.99768,0.9951,0.99654,0.9942,0.9508,0.3335,0.19762,0.8552,0.000269721,0.000269721,0.000269721
256,3379.86,0.47575,0.29804,1.00563,0.99514,0.99654,0.99395,0.94732,0.34138,0.19669,0.85979,0.00026422,0.00026422,0.00026422
257,3392.74,0.48938,0.29351,1.02107,0.99515,0.99648,0.99379,0.94262,0.34869,0.2007,0.86169,0.000258718,0.000258718,0.000258718
258,3406.06,0.47802,0.30404,0.99771,0.99518,0.99654,0.99498,0.94724,0.34102,0.19424,0.85985,0.000253217,0.000253217,0.000253217
259,3418.56,0.47807,0.29307,1.03039,0.99545,0.99637,0.995,0.94963,0.33579,0.20053,0.8586,0.000247716,0.000247716,0.000247716
260,3431.23,0.479,0.29755,1.00209,0.99522,0.99641,0.99453,0.95034,0.34198,0.19936,0.85837,0.000242215,0.000242215,0.000242215
261,3443.65,0.48223,0.30039,1.01348,0.99512,0.99654,0.99471,0.94665,0.33451,0.19857,0.85621,0.000236714,0.000236714,0.000236714
262,3457.03,0.50065,0.30861,1.01616,0.99507,0.99654,0.99493,0.94456,0.3376,0.20081,0.85769,0.000231213,0.000231213,0.000231213
263,3469.32,0.47732,0.29291,1.00115,0.99508,0.99642,0.99386,0.93977,0.34674,0.19807,0.86186,0.000225712,0.000225712,0.000225712
264,3481.98,0.47222,0.29474,0.99407,0.99516,0.99645,0.99462,0.94019,0.34364,0.19805,0.85806,0.000220211,0.000220211,0.000220211
265,3495.63,0.44856,0.28423,0.97189,0.99523,0.99639,0.99429,0.94553,0.33128,0.19521,0.85499,0.00021471,0.00021471,0.00021471
266,3508.33,0.47177,0.27874,0.9988,0.99522,0.99654,0.99496,0.94124,0.33951,0.19468,0.86074,0.000209209,0.000209209,0.000209209
267,3520.97,0.46722,0.29597,0.99103,0.99522,0.99652,0.995,0.94703,0.3396,0.19689,0.86129,0.000203707,0.000203707,0.000203707
268,3533.28,0.47468,0.2915,0.99537,0.99518,0.99654,0.99487,0.94652,0.33711,0.19414,0.85775,0.000198206,0.000198206,0.000198206
269,3546.22,0.48563,0.2968,1.00457,0.99518,0.99654,0.9948,0.93981,0.34193,0.19359,0.85813,0.000192705,0.000192705,0.000192705
270,3559.64,0.4743,0.28964,0.98835,0.99513,0.99654,0.9948,0.94108,0.33829,0.1923,0.85773,0.000187204,0.000187204,0.000187204
271,3572.47,0.45408,0.27741,0.98182,0.99515,0.99654,0.99482,0.94018,0.34431,0.1924,0.85937,0.000181703,0.000181703,0.000181703
272,3585.22,0.46606,0.28994,0.98625,0.99515,0.99654,0.99484,0.94329,0.33696,0.19309,0.85591,0.000176202,0.000176202,0.000176202
273,3598.2,0.46871,0.3142,1.00501,0.99514,0.99654,0.9948,0.94648,0.33722,0.1887,0.85641,0.000170701,0.000170701,0.000170701
274,3611.45,0.43936,0.28629,0.9747,0.99519,0.99652,0.995,0.94791,0.33013,0.18847,0.85586,0.0001652,0.0001652,0.0001652
275,3623.52,0.46686,0.29881,1.00603,0.99522,0.99654,0.99498,0.9483,0.32735,0.18972,0.85615,0.000159699,0.000159699,0.000159699
276,3636.21,0.45891,0.28189,0.98531,0.99531,0.99647,0.99458,0.94479,0.33317,0.18915,0.85704,0.000154198,0.000154198,0.000154198
277,3649.29,0.46248,0.28635,0.99677,0.99538,0.99648,0.99498,0.94712,0.3293,0.18767,0.85387,0.000148696,0.000148696,0.000148696
278,3661.81,0.46393,0.29401,0.99116,0.9949,0.99793,0.99498,0.94713,0.33316,0.18974,0.85267,0.000143195,0.000143195,0.000143195
279,3674.93,0.45779,0.27944,0.99472,0.99521,0.99636,0.99496,0.95121,0.32039,0.18696,0.85195,0.000137694,0.000137694,0.000137694
280,3687.67,0.45969,0.28337,0.99083,0.99515,0.99633,0.99485,0.95166,0.3266,0.19074,0.85375,0.000132193,0.000132193,0.000132193
281,3701.01,0.46653,0.27825,0.99442,0.99519,0.99629,0.99475,0.95173,0.32905,0.18968,0.85341,0.000126692,0.000126692,0.000126692
282,3714.08,0.45785,0.2898,0.99296,0.99515,0.99654,0.99374,0.94622,0.33165,0.19166,0.85486,0.000121191,0.000121191,0.000121191
283,3727.06,0.45647,0.2769,0.99413,0.99516,0.99654,0.99351,0.95152,0.32799,0.19087,0.85118,0.00011569,0.00011569,0.00011569
284,3739.85,0.46043,0.27816,0.98471,0.99522,0.99654,0.99357,0.95,0.32165,0.18618,0.85169,0.000110189,0.000110189,0.000110189
285,3753.2,0.44776,0.27237,0.97897,0.99531,0.9963,0.99493,0.94965,0.32369,0.18536,0.85266,0.000104688,0.000104688,0.000104688
286,3765.8,0.45799,0.27568,0.98618,0.99534,0.99628,0.995,0.95422,0.32506,0.18333,0.85123,9.91865e-05,9.91865e-05,9.91865e-05
287,3778.93,0.44086,0.27801,0.9718,0.9954,0.99634,0.99498,0.95341,0.32058,0.18322,0.85181,9.36854e-05,9.36854e-05,9.36854e-05
288,3791.73,0.45862,0.28616,0.99814,0.99538,0.99637,0.99498,0.95084,0.31983,0.18254,0.8515,8.81843e-05,8.81843e-05,8.81843e-05
289,3804.16,0.44142,0.27049,0.98429,0.99521,0.99654,0.99498,0.95281,0.31784,0.18226,0.8499,8.26832e-05,8.26832e-05,8.26832e-05
290,3817.32,0.45329,0.29082,0.98988,0.9952,0.99654,0.99482,0.95063,0.31654,0.18261,0.84991,7.71821e-05,7.71821e-05,7.71821e-05
291,3903.01,0.36721,0.22151,0.87566,0.99537,0.99636,0.99493,0.94781,0.32763,0.18617,0.85338,7.1681e-05,7.1681e-05,7.1681e-05
292,3917.88,0.36076,0.21828,0.88944,0.99542,0.99636,0.99496,0.94696,0.32586,0.18712,0.8526,6.61799e-05,6.61799e-05,6.61799e-05
293,3931.38,0.35408,0.21271,0.87307,0.99539,0.99635,0.99496,0.94759,0.3222,0.18584,0.85199,6.06788e-05,6.06788e-05,6.06788e-05
294,3943.91,0.35795,0.21371,0.87763,0.99511,0.99805,0.99496,0.94648,0.32804,0.18793,0.85462,5.51777e-05,5.51777e-05,5.51777e-05
295,3956.58,0.35371,0.21696,0.88343,0.99529,0.99827,0.99498,0.94769,0.32375,0.18623,0.85309,4.96766e-05,4.96766e-05,4.96766e-05
296,3968.72,0.34772,0.21253,0.88392,0.99532,0.99654,0.99485,0.94904,0.32163,0.18396,0.85022,4.41755e-05,4.41755e-05,4.41755e-05
297,3981.85,0.35778,0.21208,0.86635,0.99524,0.99654,0.99478,0.94932,0.32101,0.18482,0.84973,3.86744e-05,3.86744e-05,3.86744e-05
298,3994.47,0.35525,0.20888,0.87059,0.99524,0.99654,0.99476,0.94823,0.32133,0.1847,0.85059,3.31733e-05,3.31733e-05,3.31733e-05
299,4007.21,0.35666,0.21234,0.87307,0.99526,0.99654,0.9948,0.94996,0.32081,0.18462,0.85067,2.76722e-05,2.76722e-05,2.76722e-05
300,4019.07,0.34965,0.21443,0.87127,0.99528,0.99654,0.99487,0.95088,0.31902,0.18289,0.84917,2.21711e-05,2.21711e-05,2.21711e-05
